Cyclone Name,Region,Deaths,Injuries,Affected,Houses destroyed,Houses damaged,Total Houses,Damage to Infrastructure (PhP),Damage to Agriculture + Fisheries (PhP),Year,Category
Amang,Region XIII,0,0,10344,0,0,0,0.0,0.0,2019,Tropical Depression
Amang,Region XIII,0,0,3458,0,0,0,0.0,0.0,2019,Tropical Depression
Amang,Region XIII,0,0,1442,0,0,0,0.0,0.0,2019,Tropical Depression
Amang,Region XIII,0,0,853,0,0,0,0.0,0.0,2019,Tropical Depression
Amang,Region XIII,0,0,477,0,0,0,0.0,0.0,2019,Tropical Depression
Chedeng,Region XI,0,0,4971,4,15,19,0.0,0.0,2019,Tropical Depression
Chedeng,Region XI,0,0,1675,0,0,0,0.0,0.0,2019,Tropical Depression
Chedeng,Region XI,0,0,15,0,0,0,0.0,0.0,2019,Tropical Depression
Marilyn,Region IX,0,0,7497,0,0,0,0.0,0.0,2019,Tropical Depression
Marilyn,Region XII,0,0,6470,22,58,80,0.0,0.0,2019,Tropical Depression
Marilyn,Region IX,0,0,710,0,0,0,0.0,0.0,2019,Tropical Depression
Marilyn,Region XII,0,0,624,22,97,119,0.0,0.0,2019,Tropical Depression
Marilyn,Region XI,0,0,135,0,0,0,0.0,0.0,2019,Tropical Depression
Marilyn,Region II,0,0,0,0,0,0,0.0,0.0,2019,Tropical Depression
Marilyn,Region III,0,0,0,0,0,0,0.0,0.0,2019,Tropical Depression
Marilyn,Region III,0,0,0,0,0,0,0.0,0.0,2019,Tropical Depression
Marilyn,Region VI,0,0,0,0,0,0,0.0,0.0,2019,Tropical Depression
Marilyn,Region IX,0,0,0,0,0,0,0.0,0.0,2019,Tropical Depression
Tino,Region II,0,0,19340,0,0,0,0.0,35689392.0,2019,Typhoon
Tino,Cordillera Administrative Region,0,0,7583,2,0,2,0.0,0.0,2019,Typhoon
Tino,Region V,0,0,2204,10,9,19,0.0,0.0,2019,Typhoon
Tino,Region V,0,0,1058,0,0,0,0.0,0.0,2019,Typhoon
Tino,Region II,0,0,873,0,0,0,0.0,0.0,2019,Typhoon
Tino,Region I,0,0,521,0,0,0,0.0,0.0,2019,Typhoon
Tino,Cordillera Administrative Region,0,0,24,1,0,1,0.0,0.0,2019,Typhoon
Tino,Region V,0,0,19,0,0,0,0.0,0.0,2019,Typhoon
Tino,Region V,0,0,9,0,0,0,0.0,0.0,2019,Typhoon
Tisoy,Region VIII,0,0,465877,8140,78487,86627,0.0,160192726.0,2019,Super Typhoon
Tisoy,Region V,0,0,355841,17496,95076,112572,1645490505.0,426805290.2,2019,Super Typhoon
Tisoy,Region V,0,0,348298,9257,49926,59183,605822304.4,765896328.0,2019,Super Typhoon
Tisoy,Region V,0,0,271253,9894,130962,140856,67431177.81,395231523.6,2019,Super Typhoon
Tisoy,Region V,0,0,172239,6312,17442,23754,716775000.0,70307500.0,2019,Super Typhoon
Tisoy,Region IV-A,3,0,110575,8018,981,8999,0.0,627023355.0,2019,Super Typhoon
Tisoy,Region VIII,0,0,60950,23,2267,2290,0.0,37620648.02,2019,Super Typhoon
Tisoy,Region VIII,0,0,50413,440,8053,8493,0.0,50231106.02,2019,Super Typhoon
Tisoy,Region V,0,0,40705,1113,9548,10661,1089187260.0,22883563.0,2019,Super Typhoon
Tisoy,Region V,0,0,29977,0,0,0,466500000.0,239834264.0,2019,Super Typhoon
Tisoy,Region IV-B,0,0,25339,4335,35239,39574,294917880.0,93268800.0,2019,Super Typhoon
Tisoy,Region IV-B,0,0,16099,465,3845,4310,113601824.0,62769600.0,2019,Super Typhoon
Tisoy,Region III,0,0,12861,0,0,0,0.0,0.0,2019,Super Typhoon
Tisoy,Region IV-B,0,0,10865,1810,12470,14280,170642500.0,0.0,2019,Super Typhoon
Tisoy,Region IV-B,0,0,5984,790,14109,14899,68206586.69,3127200.0,2019,Super Typhoon
Tisoy,Region III,0,0,5407,1,120,121,0.0,0.0,2019,Super Typhoon
Tisoy,Region IV-A,0,0,4802,912,204,1116,0.0,38334949.0,2019,Super Typhoon
Tisoy,Region III,0,0,3085,0,0,0,0.0,0.0,2019,Super Typhoon
Tisoy,Region IV-A,0,0,805,170,17,187,0.0,2759275.0,2019,Super Typhoon
Tisoy,Region III,0,0,416,0,0,0,0.0,0.0,2019,Super Typhoon
Tisoy,Region III,0,0,224,0,0,0,0.0,0.0,2019,Super Typhoon
Tisoy,Region XIII,0,0,51,3,9,12,0.0,0.0,2019,Super Typhoon
Tisoy,Region IV-A,0,0,32,8,0,8,0.0,202720.0,2019,Super Typhoon
Tisoy,Cordillera Administrative Region,0,0,8,0,1,1,0.0,0.0,2019,Super Typhoon
Tisoy,Region VIII,1,0,0,235,2255,2490,0.0,61575.0,2019,Super Typhoon
Tisoy,Region VIII,0,0,0,0,0,0,0.0,49803520.75,2019,Super Typhoon
Tisoy,Region IV-B,0,0,0,0,1,1,0.0,0.0,2019,Super Typhoon
Tisoy,Region VI,0,0,0,2,4,6,0.0,0.0,2019,Super Typhoon
Tisoy,Region VI,0,0,0,0,0,0,0.0,0.0,2019,Super Typhoon
Ursula,Region VIII,9,0,772162,7060,124672,131732,96350500.0,396656121.0,2019,Typhoon
Ursula,Region VI,5,0,625921,14257,68404,82661,0.0,1358633341.0,2019,Typhoon
Ursula,Region VI,8,0,510342,9884,105539,115423,0.0,134198870.0,2019,Typhoon
Ursula,Region VIII,1,0,395023,3931,43737,47668,60000.0,8362476.75,2019,Typhoon
Ursula,Region VI,16,0,273971,5124,24846,29970,0.0,202503192.9,2019,Typhoon
Ursula,Region VIII,5,0,230861,50125,42148,92273,600000.0,525666256.1,2019,Typhoon
Ursula,Region VII,1,0,131435,5262,21025,26287,0.0,14981300.0,2019,Typhoon
Ursula,Region IV-B,4,0,119037,4719,20240,24959,290860248.7,46224114.0,2019,Typhoon
Ursula,Region VIII,2,0,118852,3013,24264,27277,10918101.0,121160604.4,2019,Typhoon
Ursula,Region VI,0,0,81642,5115,11064,16179,0.0,192681266.0,2019,Typhoon
Ursula,Region IV-B,5,0,19214,1597,5581,7178,879794138.7,22424283.39,2019,Typhoon
Ursula,Region IV-B,0,0,17059,805,2373,3178,15969900.0,4197086.0,2019,Typhoon
Ursula,Region XIII,0,0,1228,0,0,0,0.0,0.0,2019,Typhoon
Ursula,Region XIII,0,0,123,0,0,0,0.0,0.0,2019,Typhoon
Ursula,Region IV-B,0,0,7,0,0,0,0.0,0.0,2019,Typhoon
Ursula,Region VIII,1,0,0,0,0,0,20000.0,0.0,2019,Typhoon
Falcon,Region I,0,0,5,0,1,1,914000000.0,0.0,2019,Tropical Storm
Falcon,Cordillera Administrative Region,0,0,409,1,1,2,0.0,492320.0,2019,Tropical Storm
Falcon,Region II,0,0,502,0,0,0,118879500.0,36556039.0,2019,Tropical Storm
Falcon,Cordillera Administrative Region,0,0,2,0,0,0,0.0,0.0,2019,Tropical Storm
Falcon,Cordillera Administrative Region,0,0,84,0,0,0,0.0,0.0,2019,Tropical Storm
Ambo,Region I,0,0,6,0,0,0,0.0,0.0,2020,Super Typhoon
Ambo,Region II,0,0,102,0,0,0,0.0,0.0,2020,Super Typhoon
Ambo,Region III,0,0,3364,0,0,0,0.0,44112779.0,2020,Super Typhoon
Ambo,Region III,0,0,141,4,2,6,0.0,11046899.0,2020,Super Typhoon
Ambo,Region VIII,0,0,166473,2966,11095,14061,0.0,96963079.0,2020,Super Typhoon
Ambo,Region VIII,0,0,402481,4662,37169,41831,0.0,92373103.0,2020,Super Typhoon
Ambo,Region VIII,0,0,5861,18,1353,1371,0.0,2015300.0,2020,Super Typhoon
Ambo,Cordillera Administrative Region,0,0,132,0,0,0,0.0,0.0,2020,Super Typhoon
Ambo,Cordillera Administrative Region,0,0,11,0,0,0,0.0,223734.0,2020,Super Typhoon
Quinta,Region III,0,0,218,0,0,0,8000000.0,5561162.0,2020,Super Typhoon
Quinta,Region III,0,0,117287,0,0,0,0.0,16394837.0,2020,Super Typhoon
Quinta,Region III,0,0,5660,0,0,0,0.0,16478823.0,2020,Super Typhoon
Quinta,Region III,0,0,154463,0,0,0,0.0,47762031.0,2020,Super Typhoon
Quinta,Region III,0,0,2651,0,0,0,0.0,16708739.0,2020,Super Typhoon
Quinta,Region IV-A,0,0,30319,221,2340,2561,20000000.0,155217658.0,2020,Super Typhoon
Quinta,Region IV-A,0,0,631,7,6,13,0.0,112283538.0,2020,Super Typhoon
Quinta,Region IV-A,0,0,5374,0,17,17,0.0,90832990.0,2020,Super Typhoon
Quinta,Region IV-A,0,0,69166,565,5190,5755,0.0,626491779.0,2020,Super Typhoon
Quinta,Region IV-A,0,0,55,0,0,0,0.0,8972123.0,2020,Super Typhoon
Quinta,Region IV-B,0,0,68971,753,13388,14141,314147234.5,22810094.0,2020,Super Typhoon
Quinta,Region IV-B,0,0,38472,1690,5826,7516,68227843.55,457588918.0,2020,Super Typhoon
Quinta,Region IV-B,0,0,146202,4354,33299,37653,985343625.7,376616070.0,2020,Super Typhoon
Quinta,Region IV-B,0,0,656,0,0,0,0.0,0.0,2020,Super Typhoon
Quinta,Region IV-B,0,0,5338,17,424,441,36264400.0,19545120.0,2020,Super Typhoon
Quinta,Region V,0,0,19237,612,11960,12572,1164800.0,202205122.0,2020,Super Typhoon
Quinta,Region V,0,0,4218,0,9,9,0.0,12744324.0,2020,Super Typhoon
Quinta,Region V,0,0,78489,465,9155,9620,63283100.0,120477362.0,2020,Super Typhoon
Quinta,Region V,0,0,55428,244,1162,1406,8591000.0,4057261.0,2020,Super Typhoon
Quinta,Region V,0,0,17142,188,1513,1701,300000.0,12403782.0,2020,Super Typhoon
Quinta,Region V,0,0,37315,8,325,333,47915000.0,43902747.0,2020,Super Typhoon
Quinta,Region VI,0,0,5022,5,54,59,0.0,44932528.0,2020,Super Typhoon
Quinta,Region VI,0,0,15,0,0,0,0.0,30626548.0,2020,Super Typhoon
Quinta,Region VI,0,0,18323,7,23,30,7350000.0,105093309.0,2020,Super Typhoon
Quinta,Region VI,0,0,2222,3,42,45,0.0,45288067.0,2020,Super Typhoon
Quinta,Region VII,0,0,5102,6,1,7,0.0,0.0,2020,Super Typhoon
Quinta,Region VIII,0,0,399,2,0,2,0.0,686309.0,2020,Super Typhoon
Quinta,Region III,0,0,0,0,0,0,0.0,143061.0,2020,Super Typhoon
Quinta,Region VIII,0,0,0,0,0,0,0.0,0.0,2020,Super Typhoon
Quinta,Cordillera Administrative Region,0,0,0,0,0,0,0.0,0.0,2020,Super Typhoon
Quinta,National Capital Region,0,0,0,0,0,0,0.0,0.0,2020,Super Typhoon
Quinta,Region VI,0,0,0,0,0,0,0.0,1226045.0,2020,Super Typhoon
Rolly,National Capital Region,0,0,20446,0,0,0,0.0,0.0,2020,Super Typhoon
Rolly,Region II,0,0,146,0,0,0,0.0,0.0,2020,Super Typhoon
Rolly,Region II,0,0,451,0,0,0,0.0,0.0,2020,Super Typhoon
Rolly,Region II,0,0,264,0,0,0,0.0,0.0,2020,Super Typhoon
Rolly,Region III,0,0,13602,0,0,0,0.0,589480.0,2020,Super Typhoon
Rolly,Region III,0,0,11549,0,0,0,0.0,17776898.0,2020,Super Typhoon
Rolly,Region III,0,0,80507,0,0,0,0.0,1177380.0,2020,Super Typhoon
Rolly,Region III,0,0,8453,0,0,0,0.0,4008046.0,2020,Super Typhoon
Rolly,Region III,0,0,174959,0,0,0,0.0,39829260.0,2020,Super Typhoon
Rolly,Region III,0,0,11413,0,0,0,0.0,4364420.0,2020,Super Typhoon
Rolly,Region III,0,0,2520,0,0,0,0.0,0.0,2020,Super Typhoon
Rolly,Region IV-A,0,0,83703,426,5502,5928,8515000.0,384876554.0,2020,Super Typhoon
Rolly,Region IV-A,0,0,12874,0,1,1,0.0,8402695.0,2020,Super Typhoon
Rolly,Region IV-A,0,0,33630,27,213,240,0.0,45345328.0,2020,Super Typhoon
Rolly,Region IV-A,0,0,354852,1427,16887,18314,1530000.0,872574084.0,2020,Super Typhoon
Rolly,Region IV-A,0,0,12517,0,0,0,0.0,23983870.0,2020,Super Typhoon
Rolly,Region IV-B,0,0,32343,93,709,802,191997800.2,16300000.0,2020,Super Typhoon
Rolly,Region IV-B,0,0,35879,0,0,0,500000.0,0.0,2020,Super Typhoon
Rolly,Region IV-B,0,0,35545,0,2,2,4502000.0,0.0,2020,Super Typhoon
Rolly,Region IV-B,0,0,1728,0,0,0,0.0,0.0,2020,Super Typhoon
Rolly,Region IV-B,0,0,13351,0,0,0,0.0,0.0,2020,Super Typhoon
Rolly,Region V,0,0,474401,17299,58975,76274,5475280050.0,1072067127.0,2020,Super Typhoon
Rolly,Region V,0,0,38736,116,934,1050,114030000.0,89134968.0,2020,Super Typhoon
Rolly,Region V,0,0,169773,4585,20232,24817,501369843.6,1131044075.0,2020,Super Typhoon
Rolly,Region V,0,0,204229,13029,22076,35105,776590000.0,1165523692.0,2020,Super Typhoon
Rolly,Region V,0,0,41407,0,2,2,11550000.0,49606538.0,2020,Super Typhoon
Rolly,Region V,0,0,160160,447,7789,8236,12150000.0,74328208.0,2020,Super Typhoon
Rolly,Region VIII,0,0,200,0,0,0,0.0,173491.0,2020,Super Typhoon
Rolly,Cordillera Administrative Region,0,0,440,0,2,2,0.0,0.0,2020,Super Typhoon
Rolly,Cordillera Administrative Region,0,0,11,0,0,0,0.0,2311856.0,2020,Super Typhoon
Rolly,Cordillera Administrative Region,0,0,23,0,0,0,0.0,0.0,2020,Super Typhoon
Rolly,Cordillera Administrative Region,0,0,8,0,0,0,0.0,0.0,2020,Super Typhoon
Rolly,Cordillera Administrative Region,0,0,10,0,0,0,0.0,3799800.0,2020,Super Typhoon
Ulysses,National Capital Region,0,0,54195,31,0,31,0.0,0.0,2020,Super Typhoon
Ulysses,Region I,2,0,101898,118,2816,2934,220995000.0,418568334.0,2020,Super Typhoon
Ulysses,Region II,10,0,464336,172,475,647,2621213000.0,752361705.0,2020,Super Typhoon
Ulysses,Region II,4,0,426282,68,166,234,561324825.0,876796600.0,2020,Super Typhoon
Ulysses,Region II,3,0,15585,27,471,498,312130000.0,205542402.0,2020,Super Typhoon
Ulysses,Region II,3,0,7072,107,14,121,829250000.0,47725390.0,2020,Super Typhoon
Ulysses,Region III,3,0,1532103,3834,28955,32789,423200000.0,355492979.0,2020,Super Typhoon
Ulysses,Region III,1,0,386929,692,11038,11730,93700000.0,202828513.0,2020,Super Typhoon
Ulysses,Region IV-A,0,0,50411,207,1533,1740,52960000.0,97398501.0,2020,Super Typhoon
Ulysses,Region IV-A,0,0,13719,7,192,199,164590200.0,387622110.0,2020,Super Typhoon
Ulysses,Region IV-A,0,0,308061,2319,20577,22896,1296160000.0,482921465.0,2020,Super Typhoon
Ulysses,Region IV-A,6,0,243885,1731,3544,5275,17500000.0,238491494.0,2020,Super Typhoon
Ulysses,Region IV-A,3,0,14881,0,0,0,532460000.0,43698461.0,2020,Super Typhoon
Ulysses,Region IV-B,0,0,4599,0,0,0,0.0,561500.0,2020,Super Typhoon
Ulysses,Region IV-B,0,0,3792,0,0,0,10000000.0,0.0,2020,Super Typhoon
Ulysses,Region V,0,0,298165,4463,28930,33393,241205000.0,193172175.0,2020,Super Typhoon
Ulysses,Region V,0,0,555339,9505,50641,60146,0.0,220735708.0,2020,Super Typhoon
Ulysses,Region V,0,0,30505,2,28,30,0.0,21976000.0,2020,Super Typhoon
Ulysses,Cordillera Administrative Region,0,0,0,0,0,0,66102950.0,75105543.0,2020,Super Typhoon
Ulysses,Cordillera Administrative Region,0,0,1015,1,110,111,121470000.0,81672131.0,2020,Super Typhoon
Ulysses,Region III,0,0,58609,519,5422,5941,94200000.0,123607240.0,2020,Super Typhoon
Ulysses,Cordillera Administrative Region,12,0,3440,29,294,323,100594376.9,188862255.0,2020,Super Typhoon
Ulysses,Cordillera Administrative Region,1,0,1546,21,346,367,104860000.0,183051745.0,2020,Super Typhoon
Ulysses,Region IV-B,0,0,292,0,0,0,0.0,0.0,2020,Super Typhoon
Ulysses,Region I,0,0,5659,0,11,11,326300000.0,5988161.0,2020,Super Typhoon
Ulysses,Region I,0,0,61,1,10,11,0.0,1271005.0,2020,Super Typhoon
Ulysses,Region III,0,0,12295,15,165,180,46000000.0,87131068.0,2020,Super Typhoon
Ulysses,Region III,1,0,295763,1832,18560,20392,296109651.3,304058513.0,2020,Super Typhoon
Ulysses,Region III,0,0,34973,666,7022,7688,109500000.0,209357062.0,2020,Super Typhoon
Ulysses,Region III,1,0,4071,11,430,441,66300000.0,97348950.0,2020,Super Typhoon
Ulysses,Region V,0,0,217807,86,756,842,0.0,2341895.0,2020,Super Typhoon
Ulysses,Region V,0,0,9115,0,0,0,0.0,0.0,2020,Super Typhoon
Ulysses,Region V,0,0,27390,46,39,85,0.0,32311605.0,2020,Super Typhoon
Ulysses,Cordillera Administrative Region,1,0,416,0,11,11,4600000.0,8593193.0,2020,Super Typhoon
Ulysses,Cordillera Administrative Region,0,0,615,0,104,104,101928000.0,67556534.0,2020,Super Typhoon
Vicky,Region VII,0,0,638,6,1,7,0.0,0.0,2020,Tropical Storm
Vicky,Region VII,0,0,1900,60,35,95,5000000.0,0.0,2020,Tropical Storm
Vicky,Region XIII,0,0,78784,71,540,611,4731970.75,10789900.0,2020,Tropical Storm
Vicky,Region XIII,0,0,82694,338,0,338,126720000.0,4439410.0,2020,Tropical Storm
Vicky,Region XI,0,0,1268,0,1,1,6840000.0,21469638.0,2020,Tropical Storm
Vicky,Region XIII,0,0,10,2,0,2,0.0,0.0,2020,Tropical Storm
Vicky,Region VII,0,0,60,0,0,0,0.0,0.0,2020,Tropical Storm
Vicky,Region VIII,0,0,38,0,0,0,0.0,0.0,2020,Tropical Storm
Vicky,Region XI,0,0,1530,0,0,0,0.0,0.0,2020,Tropical Storm
Vicky,Region XI,0,0,20,0,0,0,0.0,0.0,2020,Tropical Storm
Vicky,Region XIII,0,0,6775,0,0,0,0.0,10233940.0,2020,Tropical Storm
Vicky,Region XIII,0,0,2232,0,0,0,6740000.0,4207830.0,2020,Tropical Storm
Ofel,Region VII,0,0,20330,7,0,7,0.0,0.0,2020,Tropical Depression
Ofel,Region IV-A,0,0,651,0,0,0,0.0,0.0,2020,Tropical Depression
Ofel,Region IV-A,0,0,4944,0,0,0,0.0,51562.5,2020,Tropical Depression
Ofel,Region V,0,0,238,0,0,0,0.0,0.0,2020,Tropical Depression
Ofel,Region V,0,0,522,0,0,0,0.0,0.0,2020,Tropical Depression
Pepito,Region IV-A,0,0,26396,4,4,8,0.0,11913175.0,2020,Typhoon
Pepito,Cordillera Administrative Region,0,0,3,0,1,1,0.0,0.0,2020,Typhoon
Pepito,Region II,0,0,95,0,0,0,0.0,13713536.0,2020,Typhoon
Pepito,Region II,0,0,1999,0,0,0,29200000.0,21654930.0,2020,Typhoon
Pepito,Region II,0,0,28,0,0,0,0.0,201600.0,2020,Typhoon
Pepito,Region II,0,0,141,0,0,0,0.0,863522.0,2020,Typhoon
Pepito,Region III,0,0,1154,0,0,0,0.0,912181.0,2020,Typhoon
Pepito,Region III,0,0,23935,0,0,0,0.0,7719292.0,2020,Typhoon
Pepito,Region III,0,0,1533,0,0,0,0.0,13284456.0,2020,Typhoon
Pepito,Region III,0,0,68467,0,0,0,0.0,526176.0,2020,Typhoon
Pepito,Region IV-A,0,0,9,0,0,0,0.0,0.0,2020,Typhoon
Auring,CARAGA,1,2,121770,60,180,240,0.0,21400000.0,2021,Tropical Storm
Auring,Region V,0,0,0,0,47,0,0.0,0.0,2021,Tropical Storm
Auring,Region VII,0,0,0,0,83,0,0.0,0.0,2021,Tropical Storm
Auring,Region VIII,0,0,0,0,5,0,0.0,0.0,2021,Tropical Storm
Auring,Region X,0,0,0,0,6661,0,0.0,0.0,2021,Tropical Storm
Auring,Region XI,0,0,0,0,1796,0,0.0,0.0,2021,Tropical Storm
Bising,Region II,0,0,303,0,0,0,0.0,0.0,2021,Super Typhoon
Bising,Region V,0,0,138546,0,0,0,0.0,0.0,2021,Super Typhoon
Bising,Region VIII,6,20,311559,150,3306,3456,0.0,261131102.73,2021,Super Typhoon
Bising,CARAGA,0,0,257,1,5,6,0.0,0.0,2021,Super Typhoon
Crising,Region IX,0,0,45075,4,11,15,0.0,0.0,2021,Tropical Storm
Crising,Region XI,0,4,14522,2,95,97,0.0,0.0,2021,Tropical Storm
Dante,Region III,0,0,150,0,0,0,0.0,0.0,2021,Tropical Storm
Dante,CALABARZON,0,0,2628,0,0,0,0.0,0.0,2021,Tropical Storm
Dante,Region IV-B,0,0,745,0,0,0,0.0,0.0,2021,Tropical Storm
Dante,Region V,0,0,1780,31,264,295,0.0,0.0,2021,Tropical Storm
Dante,Region VI,0,0,15470,81,2552,2633,0.0,0.0,2021,Tropical Storm
Dante,Region VII,0,0,1415,0,0,0,0.0,0.0,2021,Tropical Storm
Dante,Region VIII,0,0,9434,33,239,272,0.0,0.0,2021,Tropical Storm
Dante,Region XI,0,0,361,3,3,6,0.0,0.0,2021,Tropical Storm
Dante,Region XII,0,0,0,0,0,0,0.0,0.0,2021,Tropical Storm
Dante,CARAGA,0,0,0,0,3,3,0.0,0.0,2021,Tropical Storm
Emong,Region IX,0,0,0,0,0,0,0.0,0.0,2021,Tropical Storm
Fabian,Region I,0,0,4201,0,35,35,150000.0,0.0,2021,Typhoon
Fabian,Region III,0,0,603,0,3,3,14538220.81,0.0,2021,Typhoon
Fabian,CALABARZON,0,0,3494,40,97,137,41519091.21,0.0,2021,Typhoon
Fabian,Region IV-B,0,0,78257,35,23,58,191675385.0,1278141403.82,2021,Typhoon
Fabian,Region V,0,0,0,0,0,0,0.0,5479886.41,2021,Typhoon
Fabian,Region VI,0,0,1202,38,118,156,3824600.0,2598114.7,2021,Typhoon
Fabian,Cordillera Administrative Region,0,0,685,5,52,57,0.0,1486111.5,2021,Typhoon
Fabian,National Capital Region,0,0,25881,20,0,20,0.0,0.0,2021,Typhoon
Gorio,Region I,0,0,0,0,0,0,0.0,0.0,2021,Tropical Storm
Huaning,Region IV-B,0,0,0,0,0,0,0.0,0.0,2021,Tropical Depression
Isang,Region II,0,0,0,0,0,0,0.0,0.0,2021,Tropical Storm
Jolina,National Capital Region,0,0,247,0,0,0,0.0,0.0,2021,Typhoon
Jolina,Region III,0,0,7464,0,0,0,0.0,0.0,2021,Typhoon
Jolina,CALABARZON,0,0,75016,313,4703,5016,0.0,0.0,2021,Typhoon
Jolina,Region IV-B,0,0,0,8,1294,1302,0.0,0.0,2021,Typhoon
Jolina,Region V,20,33,0,327,1708,2035,0.0,1349221036.1,2021,Typhoon
Jolina,Region VI,0,0,15470,2,8,10,0.0,0.0,2021,Typhoon
Jolina,Region VIII,0,0,0,569,9919,10488,63676053.0,0.0,2021,Typhoon
Kiko,Region III,0,0,20568,0,0,0,0.0,0.0,2021,Super Typhoon
Kiko,Region IV-B,0,27,338,0,0,0,0.0,37354667.52,2021,Super Typhoon
Lannie,Region IV-B,0,0,300,0,0,0,0.0,0.0,2021,Tropical Depression
Lannie,Region VI,1,0,25386,4,17,21,0.0,12225109.47,2021,Tropical Depression
Lannie,Region VII,1,0,0,0,0,0,0.0,0.0,2021,Tropical Depression
Lannie,Region VIII,0,0,0,0,0,0,0.0,0.0,2021,Tropical Depression
Maring,Region I,26,3,429089,141,5930,6071,911008500.0,1392604998.65,2021,Severe Tropical Storm
Maring,Region II,2,0,51861,6,6,12,37876550.0,276832083.36,2021,Severe Tropical Storm
Maring,Region III,0,0,0,28,1,29,0.0,42060692.88,2021,Severe Tropical Storm
Maring,CALABARZON,0,0,0,2,0,2,0.0,0.0,2021,Severe Tropical Storm
Maring,Region IV-B,5,0,0,52,60,112,980000.0,33504242.84,2021,Severe Tropical Storm
Maring,Region VI,0,0,0,23,152,175,500000.0,70854.06,2021,Severe Tropical Storm
Maring,CARAGA,0,0,0,8,45,53,1980000.0,960550.0,2021,Severe Tropical Storm
Maring,Cordillera Administrative Region,7,2,130655,57,888,945,104070238.36,426997123.36,2021,Severe Tropical Storm
Nando,Region II,0,0,0,0,0,0,0.0,0.0,2021,Tropical Depression
Odette,Region IV-B,25,0,62264,6,23,29,1482902055.0,2257525328.0,2021,Super Typhoon
Odette,Region VI,54,0,57866,18,3749,3767,0.0,2771875553.0,2021,Super Typhoon
Odette,Region VII,220,1371,327008,56,5381,5437,2155000.0,618141700.0,2021,Super Typhoon
Odette,Region VIII,26,0,173053,204,7270,7474,173400000.0,1166744446.0,2021,Super Typhoon
Odette,Region X,8,0,4046,7,201,208,244888000.0,98777609.0,2021,Super Typhoon
Odette,CARAGA,71,0,106562,241,9928,10169,12823973975.0,742395847.0,2021,Super Typhoon
Paolo,Region VIII,0,0,0,0,0,0,0.0,0.0,2021,Tropical Storm
Quedan,Region II,0,0,0,0,0,0,0.0,0.0,2021,Tropical Storm
Agaton,Region VI,22,0,0,1907,16287,18194,0.0,1320860740.06,2022,Tropical Storm
Agaton,Region VII,0,0,0,27,206,233,0.0,0.0,2022,Tropical Storm
Agaton,Region VIII,122,0,0,376,632,1008,0.0,942895292.02,2022,Tropical Storm
Agaton,Region X,0,2,0,2,45,47,0.0,8000.0,2022,Tropical Storm
Agaton,Region XI,0,0,0,0,3,3,0.0,0.0,2022,Tropical Storm
Agaton,Region XII,0,4,0,5,41,46,709500.0,0.0,2022,Tropical Storm
Agaton,BARMM,0,0,0,0,0,0,0.0,874000.0,2022,Tropical Storm
Agaton,CARAGA,0,0,0,2,2,4,0.0,0.0,2022,Tropical Storm
Agaton,Region V,0,0,0,0,5,5,0.0,0.0,2022,Tropical Storm
Ester,Region V,0,0,10,0,23,33,0.0,0.0,2022,Tropical Depression
Ester,Region VI,0,0,1,0,1,2,0.0,5453240.0,2022,Tropical Depression
Florita,Region I,1,0,127122,0,24,24,546700000.0,13028205.0,2022,Severe Tropical Storm
Florita,Region II,1,3,95618,3,44,47,24400000.0,1831146406.66,2022,Severe Tropical Storm
Florita,Cordillera Administrative Region,1,0,35231,1,0,1,0.0,0.0,2022,Severe Tropical Storm
Florita,Region III,0,0,0,10,13,23,0.0,0.0,2022,Severe Tropical Storm
Florita,CALABARZON,0,0,0,0,0,0,0.0,0.0,2022,Severe Tropical Storm
Florita,National Capital Region,0,0,7866,0,0,0,0.0,0.0,2022,Severe Tropical Storm
Henry,Region I,0,0,0,0,0,0,0.0,0.0,2022,Super Typhoon
Henry,Region III,0,0,0,0,0,0,0.0,0.0,2022,Super Typhoon
Henry,Cordillera Administrative Region,0,0,0,0,12,12,61372000.0,0.0,2022,Super Typhoon
Karding,Region I,0,0,4041,0,0,0,950000.0,60100000.0,2022,Super Typhoon
Karding,Region II,0,0,3220,0,0,0,280297910.0,171000000.0,2022,Super Typhoon
Karding,Region III,5,66,1258100,0,0,0,0.0,2731800000.0,2022,Super Typhoon
Karding,CALABARZON,4,2,178660,0,0,0,0.0,240800000.0,2022,Super Typhoon
Karding,Region V,0,0,3983,0,0,0,100000.0,53300000.0,2022,Super Typhoon
Karding,Cordillera Administrative Region,0,0,1827,0,12,12,19897400.0,2200000.0,2022,Super Typhoon
Karding,Region IV-B,0,0,1818,0,0,0,3000000.0,0.0,2022,Super Typhoon
Karding,Region VI,0,0,0,0,0,0,0.0,9700000.0,2022,Super Typhoon
Maymay,Region II,1,0,41996,0,0,0,14252147.37,114350000.0,2022,Tropical Depression
Maymay,Cordillera Administrative Region,0,0,1803,0,0,0,0.0,0.0,2022,Tropical Depression
Maymay,CALABARZON,0,0,0,0,0,0,0.0,0.0,2022,Tropical Depression
Neneng,Region I,0,0,27485,9,150,159,372800000.0,2185138.0,2022,Severe Tropical Storm
Neneng,Region II,0,0,157691,49,61,110,55260000.0,497548466.38,2022,Severe Tropical Storm
Neneng,Cordillera Administrative Region,0,0,6154,1,9,10,22655000.0,3921190.0,2022,Severe Tropical Storm
Obet,Region I,0,0,120,0,0,0,0.0,0.0,2022,Tropical Depression
Obet,Region II,0,0,9974,0,0,0,0.0,0.0,2022,Tropical Depression
Obet,Cordillera Administrative Region,0,0,800,0,0,0,0.0,0.0,2022,Tropical Depression
Paeng,Region I,0,0,38491,33,978,1011,63200000.0,52800110.5,2022,Severe Tropical Storm
Paeng,Region II,0,1,331721,50,38,88,531938218.7,1217948410.99,2022,Severe Tropical Storm
Paeng,Region III,2,0,445667,143,489,632,54700000.0,541956406.11,2022,Severe Tropical Storm
Paeng,CALABARZON,23,22,1052028,1697,17703,19400,1769377360.69,726119476.09,2022,Severe Tropical Storm
Paeng,Region IV-B,3,5,217573,242,3374,3616,1017659772.0,337343911.17,2022,Severe Tropical Storm
Paeng,Region V,0,0,269616,242,3295,3537,793374689.99,924124008.65,2022,Severe Tropical Storm
Paeng,Region VI,34,0,1773525,2185,24992,27177,661675.0,2638512154.7,2022,Severe Tropical Storm
Paeng,Region VII,0,0,1699,11,39,50,277000000.0,0.0,2022,Severe Tropical Storm
Paeng,Region VIII,0,26,398480,167,6332,6499,0.0,0.0,2022,Severe Tropical Storm
Paeng,Region IX,0,0,79636,148,157,305,0.0,2360000.0,2022,Severe Tropical Storm
Paeng,Region X,0,0,6104,95,669,764,110050000.0,1354500.0,2022,Severe Tropical Storm
Paeng,Region XI,0,0,9324,109,515,624,2500000.0,10000.0,2022,Severe Tropical Storm
Paeng,Region XII,3,2,202492,409,1431,1840,0.0,0.0,2022,Severe Tropical Storm
Paeng,BARMM,68,169,1077338,1062,1153,2215,511200000.0,639521156.56,2022,Severe Tropical Storm
Paeng,Cordillera Administrative Region,1,6,36715,27,606,633,736841482.19,30726340.61,2022,Severe Tropical Storm
Paeng,National Capital Region,0,1,37151,0,0,0,0.0,0.0,2022,Severe Tropical Storm
Rosal,CARAGA,0,0,55,0,0,0,0.0,0.0,2022,Tropical Storm
Amang,Region V,0,0,95337,0,0,0,0.0,12341646.77,2023,Tropical Depression
Amang,CALABARZON,0,0,1088,0,0,0,0.0,0.0,2023,Tropical Depression
Betty,Region I,0,0,4917,1,10,11,0.0,108000.0,2023,Super Typhoon
Betty,Region II,0,0,24355,0,0,0,0.0,0.0,2023,Super Typhoon
Betty,Region III,0,0,11361,2,2,4,0.0,0.0,2023,Super Typhoon
Betty,Region IV-B,0,0,2200,0,0,0,0.0,0.0,2023,Super Typhoon
Betty,Region VI,0,0,39455,7,36,43,0.0,0.0,2023,Super Typhoon
Betty,Cordillera Administrative Region,0,1,22017,1,43,44,0.0,25000.0,2023,Super Typhoon
Dodong,Region I,0,0,27485,0,0,0,0.0,0.0,2023,Tropical Storm
Dodong,Region II,0,0,157691,45,108,153,0.0,199000000.0,2023,Tropical Storm
Dodong,Region III,0,0,220078,0,0,0,100000000.0,0.0,2023,Tropical Storm
Dodong,CALABARZON,0,0,193,0,14,14,0.0,0.0,2023,Tropical Storm
Dodong,Region IV-B,0,0,130,0,0,0,0.0,0.0,2023,Tropical Storm
Dodong,Region VI,0,0,23171,0,0,0,0.0,0.0,2023,Tropical Storm
Dodong,National Capital Region,0,0,0,0,0,0,0.0,0.0,2023,Tropical Storm
Egay,Region I,0,0,945781,421,55966,56387,638510000.0,721200000.0,2023,Super Typhoon
Egay,Region II,0,0,395618,203,7300,7503,862300000.0,593443500.93,2023,Super Typhoon
Egay,Region III,0,0,1258100,0,0,0,434000000.0,1050000000.0,2023,Super Typhoon
Egay,CALABARZON,0,0,10520,0,0,0,0.0,213500.0,2023,Super Typhoon
Egay,Region IV-B,0,0,1818,0,0,0,10949100.0,0.0,2023,Super Typhoon
Egay,Region V,0,0,3983,0,0,0,52005000.0,0.0,2023,Super Typhoon
Egay,Region VI,0,0,1773525,0,0,0,1500000.0,9234566.3,2023,Super Typhoon
Egay,Cordillera Administrative Region,2,0,35231,1,114,115,736841482.19,50201787.23,2023,Super Typhoon
Goring,Region I,0,0,995,0,24,24,643510.0,13028205.0,2023,Super Typhoon
Goring,Region II,0,0,95618,203,7293,7496,483173826.36,774240116.95,2023,Super Typhoon
Goring,Region III,0,1,246978,0,10,10,0.0,5737325.56,2023,Super Typhoon
Goring,CALABARZON,0,0,749,5,8,13,0.0,213500.0,2023,Super Typhoon
Goring,Region IV-B,0,0,5348,10,45,55,10949100.0,29678492.99,2023,Super Typhoon
Goring,Region VI,1,0,149799,88,1419,1507,1500000.0,192564208.39,2023,Super Typhoon
Goring,Cordillera Administrative Region,0,0,35231,6,114,120,87610000.0,50201787.23,2023,Super Typhoon
Jenny,Region I,0,0,15461,0,0,0,0.0,0.0,2023,Tropical Storm
Jenny,Region II,0,0,61449,0,0,0,0.0,0.0,2023,Tropical Storm
Jenny,Region III,0,0,3109,0,0,0,0.0,0.0,2023,Tropical Storm
Jenny,CALABARZON,0,0,7797,0,0,0,0.0,0.0,2023,Tropical Storm
Jenny,Region IV-B,0,0,6012,0,0,0,0.0,0.0,2023,Tropical Storm
Jenny,Region VI,1,0,290388,1,25,26,0.0,0.0,2023,Tropical Storm
Jenny,Cordillera Administrative Region,0,0,16018,0,0,0,0.0,0.0,2023,Tropical Storm
Jenny,National Capital Region,0,0,7819,0,0,0,0.0,0.0,2023,Tropical Storm
Kabayan,Region IV-B,0,0,350,2,0,2,0.0,0.0,2023,Tropical Storm
Kabayan,Region VI,0,0,983,0,0,0,0.0,0.0,2023,Tropical Storm
Kabayan,Region VIII,0,0,332,0,0,0,0.0,0.0,2023,Tropical Storm
Kabayan,Region X,0,1,527,0,2,2,0.0,40000.0,2023,Tropical Storm
Kabayan,Region XI,0,0,69759,120,556,676,0.0,0.0,2023,Tropical Storm
Kabayan,CARAGA,0,0,353915,65,2106,2171,2352000.0,0.0,2023,Tropical Storm
Aghon,Region III,0,0,8589,0,0,0,0.0,0.0,2024,Typhoon
Aghon,CALABARZON,5,0,126383,748,6890,7638,942546193.82,80402565.0,2024,Typhoon
Aghon,Region IV-B,0,0,3656,0,0,0,0.0,0.0,2024,Typhoon
Aghon,Region V,0,0,10675,0,0,0,0.0,0.0,2024,Typhoon
Aghon,Region VII,0,0,629,0,0,0,0.0,0.0,2024,Typhoon
Aghon,Region VIII,0,0,2031,4,17,21,0.0,0.0,2024,Typhoon
Aghon,National Capital Region,0,0,303,0,0,0,0.0,0.0,2024,Typhoon
Aghon,Region X,1,1,0,0,0,0,0.0,0.0,2024,Typhoon
Butchoy and Carina,Region I,0,0,440265,14,607,621,1856533490.46,1057920182.39,2024,Combined Effects
Butchoy and Carina,Region II,0,0,15115,4,36,40,109458191.44,56517537.25,2024,Combined Effects
Butchoy and Carina,Region III,2,7,3447004,487,354,841,1716909898.92,2523341865.15,2024,Combined Effects
Butchoy and Carina,CALABARZON,5,0,431459,947,6017,6964,340987686.58,71216065.48,2024,Combined Effects
Butchoy and Carina,Region IV-B,0,0,165111,40,479,519,1557124830.42,236443449.26,2024,Combined Effects
Butchoy and Carina,Region V,0,0,56205,21,80,101,0.0,48852959.91,2024,Combined Effects
Butchoy and Carina,Region VI,0,0,57473,49,250,299,0.0,77256054.21,2024,Combined Effects
Butchoy and Carina,Region VII,0,0,32601,4,9,13,0.0,0.0,2024,Combined Effects
Butchoy and Carina,Region VIII,0,0,8805,0,0,0,69569062.43,9557221.86,2024,Combined Effects
Butchoy and Carina,Region IX,4,0,134393,20,24,44,0.0,8332258.6,2024,Combined Effects
Butchoy and Carina,Region X,1,2,12081,12,17,29,4535019.28,31826726.84,2024,Combined Effects
Butchoy and Carina,Region XI,1,0,1804,14,46,60,0.0,0.0,2024,Combined Effects
Butchoy and Carina,Region XII,0,0,268142,25,15,40,0.0,247891860.99,2024,Combined Effects
Butchoy and Carina,CARAGA,0,0,102,1,4,5,0.0,0.0,2024,Combined Effects
Butchoy and Carina,BARMM,1,0,552971,1,5,6,0.0,0.0,2024,Combined Effects
Butchoy and Carina,Cordillera Administrative Region,0,0,120941,19,189,208,327111236.87,17120879.52,2024,Combined Effects
Butchoy and Carina,National Capital Region,0,0,754446,0,0,0,0.0,0.0,2024,Combined Effects
Enteng,Region I,0,1,180607,2,20,22,69500000.0,23602504.0,2024,Severe Tropical Storm
Enteng,Region II,0,1,7764,0,0,0,111920772.5,83623466.25,2024,Severe Tropical Storm
Enteng,Region III,0,0,930343,14,83,97,0.0,1100469046.81,2024,Severe Tropical Storm
Enteng,CALABARZON,0,0,143562,400,866,1266,87333700.0,0.0,2024,Severe Tropical Storm
Enteng,Region V,0,0,1199257,63,5656,5719,356146667.5,688367118.09,2024,Severe Tropical Storm
Enteng,Region VI,1,0,1199,0,2,2,0.0,7446882.9,2024,Severe Tropical Storm
Enteng,Region VII,0,0,74,5,5,10,0.0,0.0,2024,Severe Tropical Storm
Enteng,Region VIII,0,0,215213,14,486,500,23645000.0,4117450.38,2024,Severe Tropical Storm
Enteng,National Capital Region,0,0,321911,0,0,0,0.0,0.0,2024,Severe Tropical Storm
Enteng,Cordillera Administrative Region,0,0,4676,0,9,9,50355028.65,0.0,2024,Severe Tropical Storm
Ferdie and Gener and Helen and Igme,Region II,0,0,7381,2,13,15,0.0,0.0,2024,Combined Effects
Ferdie and Gener and Helen and Igme,Region III,0,0,350422,0,0,0,0.0,0.0,2024,Combined Effects
Ferdie and Gener and Helen and Igme,Region IV-B,4,3,86430,31,254,285,0.0,739767570.46,2024,Combined Effects
Ferdie and Gener and Helen and Igme,Region V,0,0,309645,1,0,1,0.0,0.0,2024,Combined Effects
Ferdie and Gener and Helen and Igme,Region VI,0,0,462679,207,1915,2122,200000.0,351011392.06,2024,Combined Effects
Ferdie and Gener and Helen and Igme,Region VII,0,0,33613,38,64,102,0.0,0.0,2024,Combined Effects
Ferdie and Gener and Helen and Igme,Region IX,0,0,19121,90,136,226,0.0,1190730.0,2024,Combined Effects
Ferdie and Gener and Helen and Igme,Region X,0,0,19630,51,554,605,2317500.0,0.0,2024,Combined Effects
Ferdie and Gener and Helen and Igme,Region XI,0,0,409,4,6,10,0.0,0.0,2024,Combined Effects
Ferdie and Gener and Helen and Igme,Region XII,0,0,29127,2,5,7,0.0,0.0,2024,Combined Effects
Ferdie and Gener and Helen and Igme,CARAGA,0,0,79,0,11,11,0.0,0.0,2024,Combined Effects
Ferdie and Gener and Helen and Igme,BARMM,0,0,304560,43,219,262,0.0,0.0,2024,Combined Effects
Ferdie and Gener and Helen and Igme,Cordillera Administrative Region,0,0,6423,0,3,3,20170000.0,0.0,2024,Combined Effects
Julian,Region I,4,0,262220,17,599,616,738157080.27,387835224.7,2024,Super Typhoon
Julian,Region II,1,12,43477,107,2087,2194,189062000.0,129600666.4,2024,Super Typhoon
Julian,Cordillera Administrative Region,0,0,75081,3,30,33,37963930.0,10510664.7,2024,Super Typhoon
Kristine and Leon,Region I,0,0,571291,273,7941,8214,150500000.0,636555655.83,2024,Combined Effects
Kristine and Leon,Region II,1,0,246665,13,594,607,116441369.8,666014061.82,2024,Combined Effects
Kristine and Leon,Region III,2,4,1145022,14,135,149,1567066804.87,455033854.99,2024,Combined Effects
Kristine and Leon,CALABARZON,0,2,1683269,7789,69646,77435,2704248400.73,553950227.89,2024,Combined Effects
Kristine and Leon,Region IV-B,0,0,92293,170,1653,1823,397967553.79,759785300.86,2024,Combined Effects
Kristine and Leon,Region V,15,0,3255804,6776,80052,86828,5511010940.92,3826819839.58,2024,Combined Effects
Kristine and Leon,Region VI,0,0,602692,761,24262,25023,0.0,544528242.33,2024,Combined Effects
Kristine and Leon,Region VII,0,0,50895,8,107,115,226044.11,0.0,2024,Combined Effects
Kristine and Leon,Region VIII,0,0,960155,275,4783,5058,0.0,342789853.66,2024,Combined Effects
Kristine and Leon,Region IX,0,0,69250,59,209,268,0.0,0.0,2024,Combined Effects
Kristine and Leon,Region X,1,1,13879,112,1338,1450,2000000.0,0.0,2024,Combined Effects
Kristine and Leon,Region XI,0,0,26473,46,443,489,0.0,0.0,2024,Combined Effects
Kristine and Leon,Region XII,0,0,111569,58,138,196,15000000.0,22898170.0,2024,Combined Effects
Kristine and Leon,CARAGA,0,0,58224,23,183,206,65000.0,0.0,2024,Combined Effects
Kristine and Leon,BARMM,0,0,504766,99,147,246,0.0,0.0,2024,Combined Effects
Kristine and Leon,Cordillera Administrative Region,3,4,27660,6,345,351,101533428.4,22462246.6,2024,Combined Effects
Kristine and Leon,National Capital Region,0,0,232700,0,0,0,0.0,0.0,2024,Combined Effects
Marce,Region I,0,0,46035,58,2236,2294,0.0,16247830.58,2024,Typhoon
Marce,Region II,1,0,277074,1031,20801,21832,176478600.0,0.0,2024,Typhoon
Marce,Cordillera Administrative Region,0,0,64405,58,4756,4814,0.0,0.0,2024,Typhoon
Querubin,Region X,0,0,549,0,0,0,0.0,0.0,2024,Tropical Depression
Querubin,Region XI,0,0,157,0,0,0,0.0,0.0,2024,Tropical Depression
Romina,Region IV-B,4,0,88326,2,19,21,581000000.0,0.0,2024,Tropical Depression
Romina,Region XI,0,0,157,0,0,0,0.0,0.0,2024,Tropical Depression
Romina,Region XII,0,0,49328,0,0,0,0.0,0.0,2024,Tropical Depression
Auring,Region III,0,0,11016,0,4,4,0.0,0.0,2025,Tropical Depression
Auring,Region VII,0,0,206,0,0,0,0.0,0.0,2025,Tropical Depression
Auring,Region IX,0,0,4588,1,69,70,0.0,0.0,2025,Tropical Depression
Auring,Region X,3,0,1016,0,630,630,0.0,0.0,2025,Tropical Depression
Auring,Region XI,0,0,611,1,0,1,0.0,0.0,2025,Tropical Depression
Auring,Region XII,0,0,780,0,0,0,0.0,0.0,2025,Tropical Depression
Auring,BARMM,0,0,410,8,77,85,0.0,0.0,2025,Tropical Depression
Bising,Region I,0,0,1959,0,0,0,0.0,0.0,2025,Severe Tropical Storm
Bising,Region III,0,0,95104,4,0,4,0.0,0.0,2025,Severe Tropical Storm
Bising,Cordillera Administrative Region,0,0,335,0,19,19,12400000.0,0.0,2025,Severe Tropical Storm
Bising,National Capital Region,0,0,6000,0,0,0,0.0,0.0,2025,Severe Tropical Storm
Crising and Dante and Emong,Region I,0,0,1056328,12,438,450,1280531693.06,1805549.22,2025,Combined Effects
Crising and Dante and Emong,Region II,0,0,25718,1,5,6,75600000.0,4069019.0,2025,Combined Effects
Crising and Dante and Emong,Cordillera Administrative Region,0,9,51343,18,45,63,74239640.1,90482.0,2025,Combined Effects
Crising and Dante and Emong,Region III,3,0,2639003,37,118,155,3173016468.38,46640321.57,2025,Combined Effects
Crising and Dante and Emong,National Capital Region,0,0,704480,0,0,0,0.0,0.0,2025,Combined Effects
Crising and Dante and Emong,CALABARZON,0,2,374584,172,3491,3663,854644323.27,99482799.09,2025,Combined Effects
Crising and Dante and Emong,Region IV-B,0,0,264914,9,19,28,289062400.0,173942253.71,2025,Combined Effects
Crising and Dante and Emong,Region V,0,0,393972,0,7,7,0.0,11460868.3,2025,Combined Effects
Crising and Dante and Emong,Region VI,0,0,350442,95,710,805,161827992.38,27868653.86,2025,Combined Effects
Crising and Dante and Emong,NIR,0,0,188416,53,443,496,0.0,60357273.0,2025,Combined Effects
Crising and Dante and Emong,Region VII,0,0,13941,0,0,0,0.0,0.0,2025,Combined Effects
Crising and Dante and Emong,Region IX,0,1,45150,105,296,401,0.0,1200.0,2025,Combined Effects
Crising and Dante and Emong,Region X,1,1,19850,20,148,168,0.0,0.0,2025,Combined Effects
Crising and Dante and Emong,Region XI,0,0,3204,59,80,139,0.0,0.0,2025,Combined Effects
Crising and Dante and Emong,Region XII,0,0,8277,27,236,263,0.0,58681824.0,2025,Combined Effects
Crising and Dante and Emong,CARAGA,1,0,115,0,1,1,0.0,0.0,2025,Combined Effects
Crising and Dante and Emong,BARMM,0,0,33074,176,308,484,0.0,0.0,2025,Combined Effects
Isang,Region II,0,0,113,0,0,0,0.0,0.0,2025,Tropical Storm
Isang,Cordillera Administrative Region,0,0,9,0,1,1,0.0,0.0,2025,Tropical Storm
Isang,Region V,0,0,13778,0,0,0,0.0,0.0,2025,Tropical Storm
Isang,Region XII,0,0,11892,0,1,1,0.0,0.0,2025,Tropical Storm
Isang,BARMM,0,0,24911,0,0,0,0.0,0.0,2025,Tropical Storm
Isang,Region XI,0,0,0,0,0,0,0.0,0.0,2025,Tropical Storm
Jacinto,CALABARZON,0,0,1053,0,0,0,0.0,0.0,2025,Tropical Depression
Jacinto,Region IV-B,0,0,4588,1,69,70,0.0,0.0,2025,Tropical Depression
Jacinto,Region V,0,0,27379,0,0,0,0.0,0.0,2025,Tropical Depression
Jacinto,Region IX,0,0,18956,1,0,1,0.0,0.0,2025,Tropical Depression
Jacinto,Region XII,0,0,780,0,0,0,0.0,0.0,2025,Tropical Depression
Jacinto,CARAGA,0,0,663,0,0,0,0.0,0.0,2025,Tropical Depression
Jacinto,BARMM,0,0,140060,18,356,374,710000.0,0.0,2025,Tropical Depression
Lannie,Region III,0,0,83675,0,0,0,0.0,0.0,2025,Tropical Depression
Lannie,National Capital Region,0,0,6000,0,0,0,0.0,0.0,2025,Tropical Depression
Paolo,Region I,0,0,36370,0,0,0,0.0,0.0,2025,Typhoon
Paolo,Region II,1,0,95618,0,0,0,0.0,0.0,2025,Typhoon
Paolo,Region III,0,0,246306,1,26,27,0.0,0.0,2025,Typhoon
Paolo,CALABARZON,0,0,749,0,0,0,0.0,0.0,2025,Typhoon
Paolo,Cordillera Administrative Region,0,0,35231,0,0,0,804360.0,105389280.0,2025,Typhoon
Ramil,Region I,0,0,15461,0,0,0,0.0,0.0,2025,Tropical Storm
Ramil,Region II,1,0,61449,1,0,1,0.0,13125200.0,2025,Tropical Storm
Ramil,Region III,0,0,3109,0,0,0,0.0,0.0,2025,Tropical Storm
Ramil,CALABARZON,0,0,7797,0,0,0,0.0,0.0,2025,Tropical Storm
Ramil,Cordillera Administrative Region,0,0,16018,0,0,0,0.0,4537000.0,2025,Tropical Storm
Tino,Region VI,0,0,1224877,15962,56057,72019,161827992.38,27868653.86,2025,Typhoon
Tino,Region VII,139,0,1511900,12130,120560,132690,73334141.0,1200000000.0,2025,Typhoon
Tino,Region VIII,0,0,706549,4206,23854,28060,0.0,0.0,2025,Typhoon
Tino,CALABARZON,0,0,0,0,0,0,0.0,0.0,2025,Typhoon
Tino,Region IV-B,0,0,264914,9,19,28,289062400.0,173942253.71,2025,Typhoon
Tino,CARAGA,1,0,353915,65,2106,2171,2352000.0,0.0,2025,Typhoon
Tino,National Capital Region,0,0,704480,0,0,0,0.0,0.0,2025,Typhoon
Uwan,Region I,0,0,426884,0,0,0,0.0,0.0,2025,Super Typhoon
Uwan,Region II,3,0,0,0,0,0,0.0,0.0,2025,Super Typhoon
Uwan,Region III,0,0,158697,0,0,0,0.0,0.0,2025,Super Typhoon
Uwan,CALABARZON,0,0,0,0,0,0,0.0,0.0,2025,Super Typhoon
Uwan,Region IV-B,0,0,0,0,0,0,0.0,0.0,2025,Super Typhoon
Uwan,Region V,1,2,1414412,0,0,0,0.0,0.0,2025,Super Typhoon
Uwan,Region VI,1,0,0,0,0,0,0.0,0.0,2025,Super Typhoon
Uwan,Region VIII,1,1,422392,0,0,0,0.0,0.0,2025,Super Typhoon
Uwan,Region IX,1,0,0,0,0,0,0.0,0.0,2025,Super Typhoon
Uwan,Cordillera Administrative Region,0,0,0,0,0,0,0.0,0.0,2025,Super Typhoon
Uwan,CARAGA,0,0,99109,0,0,0,0.0,0.0,2025,Super Typhoon
Uwan,National Capital Region,0,0,0,0,0,0,0.0,0.0,2025,Super Typhoon
Verbena,Region V,0,0,10332,0,0,0,0.0,0.0,2025,Tropical Depression
Verbena,Region VI,0,0,8375,0,23,23,0.0,0.0,2025,Tropical Depression
Verbena,Region VII,0,0,32308,4,204,208,0.0,0.0,2025,Tropical Depression
Verbena,Region VIII,0,0,1486,0,0,0,0.0,0.0,2025,Tropical Depression
Verbena,Region XIII,0,0,46923,6,0,6,0.0,0.0,2025,Tropical Depression
Verbena,Cordillera Administrative Region,0,0,335,0,19,19,18560.0,0.0,2025,Tropical Depression
Verbena,National Capital Region,0,0,1691,0,0,0,0.0,0.0,2025,Tropical Depression
